datetime,temperature,cloudcover,weathercode,month,day,hour,weekday,weekend,sunny
2024-06-01 00:00:00,14.2,0,0,6,1,0,5,1,1
2024-06-01 01:00:00,13.9,0,0,6,1,1,5,1,1
2024-06-01 02:00:00,12.9,0,0,6,1,2,5,1,1
2024-06-01 03:00:00,11.7,0,0,6,1,3,5,1,1
2024-06-01 04:00:00,10.9,0,0,6,1,4,5,1,1
2024-06-01 05:00:00,10.3,0,0,6,1,5,5,1,1
2024-06-01 06:00:00,10.5,3,0,6,1,6,5,1,1
2024-06-01 07:00:00,12.0,0,0,6,1,7,5,1,1
2024-06-01 08:00:00,16.0,0,0,6,1,8,5,1,1
2024-06-01 09:00:00,19.0,90,3,6,1,9,5,1,0
2024-06-01 10:00:00,21.6,100,3,6,1,10,5,1,0
2024-06-01 11:00:00,23.6,100,3,6,1,11,5,1,0
2024-06-01 12:00:00,24.9,99,3,6,1,12,5,1,0
2024-06-01 13:00:00,25.8,31,1,6,1,13,5,1,0
2024-06-01 14:00:00,26.6,22,1,6,1,14,5,1,0
2024-06-01 15:00:00,27.3,16,0,6,1,15,5,1,1
2024-06-01 16:00:00,27.6,61,2,6,1,16,5,1,0
2024-06-01 17:00:00,27.5,100,3,6,1,17,5,1,0
2024-06-01 18:00:00,26.8,100,3,6,1,18,5,1,0
2024-06-01 19:00:00,24.7,100,3,6,1,19,5,1,0
2024-06-01 20:00:00,21.9,100,3,6,1,20,5,1,0
2024-06-01 21:00:00,20.0,100,3,6,1,21,5,1,0
2024-06-01 22:00:00,19.2,100,3,6,1,22,5,1,0
2024-06-01 23:00:00,18.5,100,3,6,1,23,5,1,0
2024-06-02 00:00:00,17.7,100,3,6,2,0,6,1,0
2024-06-02 01:00:00,17.5,100,3,6,2,1,6,1,0
2024-06-02 02:00:00,17.1,100,3,6,2,2,6,1,0
2024-06-02 03:00:00,16.6,100,3,6,2,3,6,1,0
2024-06-02 04:00:00,16.0,100,3,6,2,4,6,1,0
2024-06-02 05:00:00,15.6,100,3,6,2,5,6,1,0
2024-06-02 06:00:00,15.6,100,3,6,2,6,6,1,0
2024-06-02 07:00:00,16.1,100,3,6,2,7,6,1,0
2024-06-02 08:00:00,17.6,100,3,6,2,8,6,1,0
2024-06-02 09:00:00,18.5,100,3,6,2,9,6,1,0
2024-06-02 10:00:00,21.0,86,3,6,2,10,6,1,0
2024-06-02 11:00:00,24.5,13,0,6,2,11,6,1,1
2024-06-02 12:00:00,26.2,24,1,6,2,12,6,1,0
2024-06-02 13:00:00,27.5,47,1,6,2,13,6,1,0
2024-06-02 14:00:00,28.5,53,2,6,2,14,6,1,0
2024-06-02 15:00:00,28.6,90,3,6,2,15,6,1,0
2024-06-02 16:00:00,26.6,42,1,6,2,16,6,1,0
2024-06-02 17:00:00,26.2,63,2,6,2,17,6,1,0
2024-06-02 18:00:00,26.2,92,3,6,2,18,6,1,0
2024-06-02 19:00:00,25.5,62,2,6,2,19,6,1,0
2024-06-02 20:00:00,23.5,99,3,6,2,20,6,1,0
2024-06-02 21:00:00,19.7,83,51,6,2,21,6,1,0
2024-06-02 22:00:00,19.4,95,51,6,2,22,6,1,0
2024-06-02 23:00:00,18.4,67,2,6,2,23,6,1,0
2024-06-03 00:00:00,18.0,97,3,6,3,0,0,0,0
2024-06-03 01:00:00,18.0,100,3,6,3,1,0,0,0
2024-06-03 02:00:00,17.5,32,1,6,3,2,0,0,0
2024-06-03 03:00:00,17.0,39,1,6,3,3,0,0,0
2024-06-03 04:00:00,16.5,55,2,6,3,4,0,0,0
2024-06-03 05:00:00,16.5,17,0,6,3,5,0,0,1
2024-06-03 06:00:00,15.7,0,0,6,3,6,0,0,1
2024-06-03 07:00:00,17.5,2,0,6,3,7,0,0,1
2024-06-03 08:00:00,19.4,15,0,6,3,8,0,0,1
2024-06-03 09:00:00,22.5,95,3,6,3,9,0,0,0
2024-06-03 10:00:00,22.9,100,3,6,3,10,0,0,0
2024-06-03 11:00:00,23.5,23,51,6,3,11,0,0,0
2024-06-03 12:00:00,25.5,25,51,6,3,12,0,0,0
2024-06-03 13:00:00,26.7,82,51,6,3,13,0,0,0
2024-06-03 14:00:00,27.1,100,3,6,3,14,0,0,0
2024-06-03 15:00:00,28.3,42,1,6,3,15,0,0,0
2024-06-03 16:00:00,29.0,23,1,6,3,16,0,0,0
2024-06-03 17:00:00,28.7,21,1,6,3,17,0,0,0
2024-06-03 18:00:00,28.5,27,1,6,3,18,0,0,0
2024-06-03 19:00:00,26.8,33,1,6,3,19,0,0,0
2024-06-03 20:00:00,24.9,15,0,6,3,20,0,0,1
2024-06-03 21:00:00,22.5,11,0,6,3,21,0,0,1
2024-06-03 22:00:00,21.3,2,0,6,3,22,0,0,1
2024-06-03 23:00:00,20.6,1,0,6,3,23,0,0,1
2024-06-04 00:00:00,20.1,0,0,6,4,0,1,0,1
2024-06-04 01:00:00,19.5,3,0,6,4,1,1,0,1
2024-06-04 02:00:00,19.8,0,0,6,4,2,1,0,1
2024-06-04 03:00:00,19.4,0,0,6,4,3,1,0,1
2024-06-04 04:00:00,17.4,0,0,6,4,4,1,0,1
2024-06-04 05:00:00,17.2,6,0,6,4,5,1,0,1
2024-06-04 06:00:00,17.0,30,1,6,4,6,1,0,0
2024-06-04 07:00:00,18.0,41,1,6,4,7,1,0,0
2024-06-04 08:00:00,20.8,12,0,6,4,8,1,0,1
2024-06-04 09:00:00,23.4,6,0,6,4,9,1,0,1
2024-06-04 10:00:00,26.1,0,0,6,4,10,1,0,1
2024-06-04 11:00:00,27.9,25,1,6,4,11,1,0,0
2024-06-04 12:00:00,28.9,29,1,6,4,12,1,0,0
2024-06-04 13:00:00,30.0,64,2,6,4,13,1,0,0
2024-06-04 14:00:00,30.5,100,51,6,4,14,1,0,0
2024-06-04 15:00:00,30.7,99,51,6,4,15,1,0,0
2024-06-04 16:00:00,30.1,99,51,6,4,16,1,0,0
2024-06-04 17:00:00,29.2,100,3,6,4,17,1,0,0
2024-06-04 18:00:00,28.8,63,2,6,4,18,1,0,0
2024-06-04 19:00:00,26.9,86,51,6,4,19,1,0,0
2024-06-04 20:00:00,24.8,100,3,6,4,20,1,0,0
2024-06-04 21:00:00,22.9,100,51,6,4,21,1,0,0
2024-06-04 22:00:00,22.1,100,3,6,4,22,1,0,0
2024-06-04 23:00:00,22.0,100,3,6,4,23,1,0,0
2024-06-05 00:00:00,21.5,100,3,6,5,0,2,0,0
2024-06-05 01:00:00,20.7,99,3,6,5,1,2,0,0
2024-06-05 02:00:00,20.0,100,3,6,5,2,2,0,0
2024-06-05 03:00:00,19.5,100,3,6,5,3,2,0,0
2024-06-05 04:00:00,19.1,100,3,6,5,4,2,0,0
2024-06-05 05:00:00,18.9,100,3,6,5,5,2,0,0
2024-06-05 06:00:00,18.8,100,3,6,5,6,2,0,0
2024-06-05 07:00:00,19.6,100,3,6,5,7,2,0,0
2024-06-05 08:00:00,21.4,100,3,6,5,8,2,0,0
2024-06-05 09:00:00,20.9,100,53,6,5,9,2,0,0
2024-06-05 10:00:00,23.4,100,51,6,5,10,2,0,0
2024-06-05 11:00:00,23.8,100,53,6,5,11,2,0,0
2024-06-05 12:00:00,25.2,100,51,6,5,12,2,0,0
2024-06-05 13:00:00,24.5,100,61,6,5,13,2,0,0
2024-06-05 14:00:00,25.2,100,63,6,5,14,2,0,0
2024-06-05 15:00:00,25.5,100,51,6,5,15,2,0,0
2024-06-05 16:00:00,22.5,100,63,6,5,16,2,0,0
2024-06-05 17:00:00,22.5,100,53,6,5,17,2,0,0
2024-06-05 18:00:00,24.0,100,3,6,5,18,2,0,0
2024-06-05 19:00:00,22.5,100,53,6,5,19,2,0,0
2024-06-05 20:00:00,22.0,100,3,6,5,20,2,0,0
2024-06-05 21:00:00,22.5,100,51,6,5,21,2,0,0
2024-06-05 22:00:00,22.5,100,3,6,5,22,2,0,0
2024-06-05 23:00:00,22.4,98,51,6,5,23,2,0,0
2024-06-06 00:00:00,22.1,98,3,6,6,0,3,0,0
2024-06-06 01:00:00,22.0,100,3,6,6,1,3,0,0
2024-06-06 02:00:00,21.5,100,51,6,6,2,3,0,0
2024-06-06 03:00:00,21.2,100,51,6,6,3,3,0,0
2024-06-06 04:00:00,20.9,63,2,6,6,4,3,0,0
2024-06-06 05:00:00,20.5,67,2,6,6,5,3,0,0
2024-06-06 06:00:00,20.3,67,2,6,6,6,3,0,0
2024-06-06 07:00:00,20.9,79,2,6,6,7,3,0,0
2024-06-06 08:00:00,22.1,100,3,6,6,8,3,0,0
2024-06-06 09:00:00,23.4,74,2,6,6,9,3,0,0
2024-06-06 10:00:00,25.4,99,51,6,6,10,3,0,0
2024-06-06 11:00:00,26.9,94,51,6,6,11,3,0,0
2024-06-06 12:00:00,25.7,91,53,6,6,12,3,0,0
2024-06-06 13:00:00,26.5,89,51,6,6,13,3,0,0
2024-06-06 14:00:00,28.5,45,1,6,6,14,3,0,0
2024-06-06 15:00:00,29.4,82,3,6,6,15,3,0,0
2024-06-06 16:00:00,30.1,72,2,6,6,16,3,0,0
2024-06-06 17:00:00,30.3,49,51,6,6,17,3,0,0
2024-06-06 18:00:00,28.2,34,51,6,6,18,3,0,0
2024-06-06 19:00:00,26.1,44,51,6,6,19,3,0,0
2024-06-06 20:00:00,24.8,17,0,6,6,20,3,0,1
2024-06-06 21:00:00,23.5,23,1,6,6,21,3,0,0
2024-06-06 22:00:00,23.0,25,1,6,6,22,3,0,0
2024-06-06 23:00:00,22.8,33,1,6,6,23,3,0,0
2024-06-07 00:00:00,21.8,19,0,6,7,0,4,0,1
2024-06-07 01:00:00,20.7,32,1,6,7,1,4,0,0
2024-06-07 02:00:00,20.8,60,2,6,7,2,4,0,0
2024-06-07 03:00:00,20.2,19,0,6,7,3,4,0,1
2024-06-07 04:00:00,19.2,22,1,6,7,4,4,0,0
2024-06-07 05:00:00,18.6,16,0,6,7,5,4,0,1
2024-06-07 06:00:00,18.4,3,0,6,7,6,4,0,1
2024-06-07 07:00:00,19.5,1,0,6,7,7,4,0,1
2024-06-07 08:00:00,21.5,0,0,6,7,8,4,0,1
2024-06-07 09:00:00,24.4,16,0,6,7,9,4,0,1
2024-06-07 10:00:00,25.2,41,51,6,7,10,4,0,0
2024-06-07 11:00:00,26.1,6,0,6,7,11,4,0,1
2024-06-07 12:00:00,27.5,29,1,6,7,12,4,0,0
2024-06-07 13:00:00,28.1,36,1,6,7,13,4,0,0
2024-06-07 14:00:00,27.9,44,1,6,7,14,4,0,0
2024-06-07 15:00:00,27.8,87,3,6,7,15,4,0,0
2024-06-07 16:00:00,27.8,87,3,6,7,16,4,0,0
2024-06-07 17:00:00,27.0,68,2,6,7,17,4,0,0
2024-06-07 18:00:00,25.7,7,0,6,7,18,4,0,1
2024-06-07 19:00:00,24.4,0,0,6,7,19,4,0,1
2024-06-07 20:00:00,22.6,4,0,6,7,20,4,0,1
2024-06-07 21:00:00,20.4,2,0,6,7,21,4,0,1
2024-06-07 22:00:00,19.0,0,0,6,7,22,4,0,1
2024-06-07 23:00:00,19.1,1,0,6,7,23,4,0,1
2024-06-08 00:00:00,18.3,9,0,6,8,0,5,1,1
2024-06-08 01:00:00,17.4,100,3,6,8,1,5,1,0
2024-06-08 02:00:00,17.5,34,1,6,8,2,5,1,0
2024-06-08 03:00:00,17.0,0,0,6,8,3,5,1,1
2024-06-08 04:00:00,16.6,0,0,6,8,4,5,1,1
2024-06-08 05:00:00,16.0,0,0,6,8,5,5,1,1
2024-06-08 06:00:00,15.9,3,0,6,8,6,5,1,1
2024-06-08 07:00:00,16.6,0,0,6,8,7,5,1,1
2024-06-08 08:00:00,18.9,0,0,6,8,8,5,1,1
2024-06-08 09:00:00,21.2,0,0,6,8,9,5,1,1
2024-06-08 10:00:00,22.7,0,0,6,8,10,5,1,1
2024-06-08 11:00:00,24.1,9,0,6,8,11,5,1,1
2024-06-08 12:00:00,25.4,15,0,6,8,12,5,1,1
2024-06-08 13:00:00,26.5,91,3,6,8,13,5,1,0
2024-06-08 14:00:00,27.5,89,3,6,8,14,5,1,0
2024-06-08 15:00:00,28.4,46,1,6,8,15,5,1,0
2024-06-08 16:00:00,29.0,100,3,6,8,16,5,1,0
2024-06-08 17:00:00,29.0,100,3,6,8,17,5,1,0
2024-06-08 18:00:00,28.5,96,3,6,8,18,5,1,0
2024-06-08 19:00:00,26.5,82,3,6,8,19,5,1,0
2024-06-08 20:00:00,24.0,1,0,6,8,20,5,1,1
2024-06-08 21:00:00,21.9,33,1,6,8,21,5,1,0
2024-06-08 22:00:00,20.3,2,0,6,8,22,5,1,1
2024-06-08 23:00:00,19.8,2,0,6,8,23,5,1,1
2024-06-09 00:00:00,18.8,11,0,6,9,0,6,1,1
2024-06-09 01:00:00,18.0,6,0,6,9,1,6,1,1
2024-06-09 02:00:00,17.3,15,0,6,9,2,6,1,1
2024-06-09 03:00:00,17.2,30,1,6,9,3,6,1,0
2024-06-09 04:00:00,17.5,100,3,6,9,4,6,1,0
2024-06-09 05:00:00,17.8,93,3,6,9,5,6,1,0
2024-06-09 06:00:00,17.9,72,2,6,9,6,6,1,0
2024-06-09 07:00:00,18.6,97,3,6,9,7,6,1,0
2024-06-09 08:00:00,20.5,89,3,6,9,8,6,1,0
2024-06-09 09:00:00,21.8,100,3,6,9,9,6,1,0
2024-06-09 10:00:00,23.2,26,1,6,9,10,6,1,0
2024-06-09 11:00:00,25.5,41,51,6,9,11,6,1,0
2024-06-09 12:00:00,24.6,83,51,6,9,12,6,1,0
2024-06-09 13:00:00,25.8,100,3,6,9,13,6,1,0
2024-06-09 14:00:00,26.1,85,3,6,9,14,6,1,0
2024-06-09 15:00:00,26.7,85,3,6,9,15,6,1,0
2024-06-09 16:00:00,27.0,98,3,6,9,16,6,1,0
2024-06-09 17:00:00,26.6,84,3,6,9,17,6,1,0
2024-06-09 18:00:00,26.3,64,2,6,9,18,6,1,0
2024-06-09 19:00:00,24.9,39,1,6,9,19,6,1,0
2024-06-09 20:00:00,22.5,28,1,6,9,20,6,1,0
2024-06-09 21:00:00,20.4,99,3,6,9,21,6,1,0
2024-06-09 22:00:00,19.6,100,3,6,9,22,6,1,0
2024-06-09 23:00:00,19.0,94,3,6,9,23,6,1,0
2024-06-10 00:00:00,18.0,100,3,6,10,0,0,0,0
2024-06-10 01:00:00,17.8,0,0,6,10,1,0,0,1
2024-06-10 02:00:00,17.4,0,0,6,10,2,0,0,1
2024-06-10 03:00:00,16.7,0,0,6,10,3,0,0,1
2024-06-10 04:00:00,16.0,0,0,6,10,4,0,0,1
2024-06-10 05:00:00,15.4,0,0,6,10,5,0,0,1
2024-06-10 06:00:00,15.1,0,0,6,10,6,0,0,1
2024-06-10 07:00:00,16.2,0,0,6,10,7,0,0,1
2024-06-10 08:00:00,18.6,0,0,6,10,8,0,0,1
2024-06-10 09:00:00,21.0,1,0,6,10,9,0,0,1
2024-06-10 10:00:00,22.2,0,0,6,10,10,0,0,1
2024-06-10 11:00:00,23.5,7,0,6,10,11,0,0,1
2024-06-10 12:00:00,24.8,33,1,6,10,12,0,0,0
2024-06-10 13:00:00,25.5,45,1,6,10,13,0,0,0
2024-06-10 14:00:00,25.9,42,1,6,10,14,0,0,0
2024-06-10 15:00:00,26.1,73,2,6,10,15,0,0,0
2024-06-10 16:00:00,26.5,58,2,6,10,16,0,0,0
2024-06-10 17:00:00,25.8,100,3,6,10,17,0,0,0
2024-06-10 18:00:00,24.5,98,3,6,10,18,0,0,0
2024-06-10 19:00:00,23.1,56,2,6,10,19,0,0,0
2024-06-10 20:00:00,21.5,89,3,6,10,20,0,0,0
2024-06-10 21:00:00,17.3,81,51,6,10,21,0,0,0
2024-06-10 22:00:00,16.8,99,55,6,10,22,0,0,0
2024-06-10 23:00:00,16.5,100,63,6,10,23,0,0,0
2024-06-11 00:00:00,16.5,100,61,6,11,0,1,0,0
2024-06-11 01:00:00,16.4,73,51,6,11,1,1,0,0
2024-06-11 02:00:00,15.8,27,1,6,11,2,1,0,0
2024-06-11 03:00:00,14.7,32,1,6,11,3,1,0,0
2024-06-11 04:00:00,14.4,22,1,6,11,4,1,0,0
2024-06-11 05:00:00,13.9,100,3,6,11,5,1,0,0
2024-06-11 06:00:00,14.2,100,3,6,11,6,1,0,0
2024-06-11 07:00:00,14.6,11,0,6,11,7,1,0,1
2024-06-11 08:00:00,15.9,11,0,6,11,8,1,0,1
2024-06-11 09:00:00,17.4,20,1,6,11,9,1,0,0
2024-06-11 10:00:00,19.0,49,1,6,11,10,1,0,0
2024-06-11 11:00:00,20.1,49,1,6,11,11,1,0,0
2024-06-11 12:00:00,21.5,89,3,6,11,12,1,0,0
2024-06-11 13:00:00,22.0,58,2,6,11,13,1,0,0
2024-06-11 14:00:00,23.0,80,3,6,11,14,1,0,0
2024-06-11 15:00:00,23.3,98,3,6,11,15,1,0,0
2024-06-11 16:00:00,23.5,99,3,6,11,16,1,0,0
2024-06-11 17:00:00,23.0,42,1,6,11,17,1,0,0
2024-06-11 18:00:00,23.0,4,0,6,11,18,1,0,1
2024-06-11 19:00:00,22.1,2,0,6,11,19,1,0,1
2024-06-11 20:00:00,20.2,2,0,6,11,20,1,0,1
2024-06-11 21:00:00,17.9,1,0,6,11,21,1,0,1
2024-06-11 22:00:00,16.9,0,0,6,11,22,1,0,1
2024-06-11 23:00:00,16.0,0,0,6,11,23,1,0,1
2024-06-12 00:00:00,15.8,0,0,6,12,0,2,0,1
2024-06-12 01:00:00,14.8,0,0,6,12,1,2,0,1
2024-06-12 02:00:00,13.9,1,0,6,12,2,2,0,1
2024-06-12 03:00:00,13.1,6,0,6,12,3,2,0,1
2024-06-12 04:00:00,12.7,1,0,6,12,4,2,0,1
2024-06-12 05:00:00,12.3,43,1,6,12,5,2,0,0
2024-06-12 06:00:00,12.1,87,3,6,12,6,2,0,0
2024-06-12 07:00:00,13.9,47,1,6,12,7,2,0,0
2024-06-12 08:00:00,17.3,47,1,6,12,8,2,0,0
2024-06-12 09:00:00,19.4,58,2,6,12,9,2,0,0
2024-06-12 10:00:00,21.4,27,1,6,12,10,2,0,0
2024-06-12 11:00:00,23.1,6,0,6,12,11,2,0,1
2024-06-12 12:00:00,25.0,42,1,6,12,12,2,0,0
2024-06-12 13:00:00,25.9,69,2,6,12,13,2,0,0
2024-06-12 14:00:00,26.9,7,0,6,12,14,2,0,1
2024-06-12 15:00:00,27.4,26,1,6,12,15,2,0,0
2024-06-12 16:00:00,28.0,41,1,6,12,16,2,0,0
2024-06-12 17:00:00,28.5,48,1,6,12,17,2,0,0
2024-06-12 18:00:00,28.5,79,2,6,12,18,2,0,0
2024-06-12 19:00:00,26.0,1,0,6,12,19,2,0,1
2024-06-12 20:00:00,23.0,0,0,6,12,20,2,0,1
2024-06-12 21:00:00,21.3,3,0,6,12,21,2,0,1
2024-06-12 22:00:00,20.9,2,0,6,12,22,2,0,1
2024-06-12 23:00:00,19.6,4,0,6,12,23,2,0,1
2024-06-13 00:00:00,18.8,0,0,6,13,0,3,0,1
2024-06-13 01:00:00,18.4,0,0,6,13,1,3,0,1
2024-06-13 02:00:00,17.9,0,0,6,13,2,3,0,1
2024-06-13 03:00:00,17.4,0,0,6,13,3,3,0,1
2024-06-13 04:00:00,16.5,0,0,6,13,4,3,0,1
2024-06-13 05:00:00,17.1,0,0,6,13,5,3,0,1
2024-06-13 06:00:00,16.8,0,0,6,13,6,3,0,1
2024-06-13 07:00:00,17.5,0,0,6,13,7,3,0,1
2024-06-13 08:00:00,20.0,0,0,6,13,8,3,0,1
2024-06-13 09:00:00,23.0,0,0,6,13,9,3,0,1
2024-06-13 10:00:00,25.3,0,0,6,13,10,3,0,1
2024-06-13 11:00:00,27.4,29,1,6,13,11,3,0,0
2024-06-13 12:00:00,28.4,21,1,6,13,12,3,0,0
2024-06-13 13:00:00,29.4,63,2,6,13,13,3,0,0
2024-06-13 14:00:00,30.1,29,1,6,13,14,3,0,0
2024-06-13 15:00:00,30.6,21,51,6,13,15,3,0,0
2024-06-13 16:00:00,31.0,20,51,6,13,16,3,0,0
2024-06-13 17:00:00,31.3,24,1,6,13,17,3,0,0
2024-06-13 18:00:00,30.8,33,1,6,13,18,3,0,0
2024-06-13 19:00:00,29.0,21,1,6,13,19,3,0,0
2024-06-13 20:00:00,27.0,14,0,6,13,20,3,0,1
2024-06-13 21:00:00,24.5,66,2,6,13,21,3,0,0
2024-06-13 22:00:00,24.1,66,2,6,13,22,3,0,0
2024-06-13 23:00:00,23.3,36,1,6,13,23,3,0,0
2024-06-14 00:00:00,22.4,30,1,6,14,0,4,0,0
2024-06-14 01:00:00,22.1,9,0,6,14,1,4,0,1
2024-06-14 02:00:00,21.6,1,0,6,14,2,4,0,1
2024-06-14 03:00:00,20.7,0,0,6,14,3,4,0,1
2024-06-14 04:00:00,19.9,0,0,6,14,4,4,0,1
2024-06-14 05:00:00,18.9,6,0,6,14,5,4,0,1
2024-06-14 06:00:00,18.2,12,0,6,14,6,4,0,1
2024-06-14 07:00:00,19.2,91,3,6,14,7,4,0,0
2024-06-14 08:00:00,22.0,76,2,6,14,8,4,0,0
2024-06-14 09:00:00,25.1,3,0,6,14,9,4,0,1
2024-06-14 10:00:00,27.6,19,0,6,14,10,4,0,1
2024-06-14 11:00:00,29.5,7,0,6,14,11,4,0,1
2024-06-14 12:00:00,31.0,20,1,6,14,12,4,0,0
2024-06-14 13:00:00,31.8,7,0,6,14,13,4,0,1
2024-06-14 14:00:00,32.7,39,1,6,14,14,4,0,0
2024-06-14 15:00:00,32.7,84,3,6,14,15,4,0,0
2024-06-14 16:00:00,27.6,92,53,6,14,16,4,0,0
2024-06-14 17:00:00,24.9,56,55,6,14,17,4,0,0
2024-06-14 18:00:00,27.0,43,1,6,14,18,4,0,0
2024-06-14 19:00:00,27.1,86,51,6,14,19,4,0,0
2024-06-14 20:00:00,22.9,75,53,6,14,20,4,0,0
2024-06-14 21:00:00,22.1,100,51,6,14,21,4,0,0
2024-06-14 22:00:00,21.2,42,53,6,14,22,4,0,0
2024-06-14 23:00:00,20.5,15,0,6,14,23,4,0,1
2024-06-15 00:00:00,20.2,22,1,6,15,0,5,1,0
2024-06-15 01:00:00,20.0,6,0,6,15,1,5,1,1
2024-06-15 02:00:00,19.9,0,0,6,15,2,5,1,1
2024-06-15 03:00:00,19.1,0,0,6,15,3,5,1,1
2024-06-15 04:00:00,17.9,0,0,6,15,4,5,1,1
2024-06-15 05:00:00,17.0,0,0,6,15,5,5,1,1
2024-06-15 06:00:00,16.4,0,0,6,15,6,5,1,1
2024-06-15 07:00:00,17.2,0,0,6,15,7,5,1,1
2024-06-15 08:00:00,19.2,0,0,6,15,8,5,1,1
2024-06-15 09:00:00,21.5,0,0,6,15,9,5,1,1
2024-06-15 10:00:00,23.5,0,0,6,15,10,5,1,1
2024-06-15 11:00:00,25.2,31,1,6,15,11,5,1,0
2024-06-15 12:00:00,26.2,27,1,6,15,12,5,1,0
2024-06-15 13:00:00,27.1,1,0,6,15,13,5,1,1
2024-06-15 14:00:00,28.0,0,0,6,15,14,5,1,1
2024-06-15 15:00:00,28.5,0,0,6,15,15,5,1,1
2024-06-15 16:00:00,28.7,0,0,6,15,16,5,1,1
2024-06-15 17:00:00,28.6,16,0,6,15,17,5,1,1
2024-06-15 18:00:00,28.1,0,0,6,15,18,5,1,1
2024-06-15 19:00:00,26.9,3,0,6,15,19,5,1,1
2024-06-15 20:00:00,24.2,13,0,6,15,20,5,1,1
2024-06-15 21:00:00,22.3,4,0,6,15,21,5,1,1
2024-06-15 22:00:00,21.0,0,0,6,15,22,5,1,1
2024-06-15 23:00:00,19.5,100,3,6,15,23,5,1,0
2024-06-16 00:00:00,18.8,4,0,6,16,0,6,1,1
2024-06-16 01:00:00,18.0,13,0,6,16,1,6,1,1
2024-06-16 02:00:00,16.8,0,0,6,16,2,6,1,1
2024-06-16 03:00:00,16.3,3,0,6,16,3,6,1,1
2024-06-16 04:00:00,15.8,0,0,6,16,4,6,1,1
2024-06-16 05:00:00,15.6,84,3,6,16,5,6,1,0
2024-06-16 06:00:00,15.4,96,3,6,16,6,6,1,0
2024-06-16 07:00:00,16.6,98,3,6,16,7,6,1,0
2024-06-16 08:00:00,19.5,100,3,6,16,8,6,1,0
2024-06-16 09:00:00,21.9,100,3,6,16,9,6,1,0
2024-06-16 10:00:00,24.1,100,3,6,16,10,6,1,0
2024-06-16 11:00:00,26.2,100,3,6,16,11,6,1,0
2024-06-16 12:00:00,27.6,54,2,6,16,12,6,1,0
2024-06-16 13:00:00,28.6,85,3,6,16,13,6,1,0
2024-06-16 14:00:00,29.5,93,3,6,16,14,6,1,0
2024-06-16 15:00:00,30.6,89,3,6,16,15,6,1,0
2024-06-16 16:00:00,31.5,85,3,6,16,16,6,1,0
2024-06-16 17:00:00,31.2,98,3,6,16,17,6,1,0
2024-06-16 18:00:00,30.6,63,2,6,16,18,6,1,0
2024-06-16 19:00:00,29.1,54,2,6,16,19,6,1,0
2024-06-16 20:00:00,26.4,3,0,6,16,20,6,1,1
2024-06-16 21:00:00,25.0,99,3,6,16,21,6,1,0
2024-06-16 22:00:00,24.0,3,0,6,16,22,6,1,1
2024-06-16 23:00:00,22.6,7,0,6,16,23,6,1,1
2024-06-17 00:00:00,21.8,20,1,6,17,0,0,0,0
2024-06-17 01:00:00,21.1,27,1,6,17,1,0,0,0
2024-06-17 02:00:00,20.5,99,3,6,17,2,0,0,0
2024-06-17 03:00:00,20.0,10,0,6,17,3,0,0,1
2024-06-17 04:00:00,19.5,1,0,6,17,4,0,0,1
2024-06-17 05:00:00,19.2,0,0,6,17,5,0,0,1
2024-06-17 06:00:00,18.9,0,0,6,17,6,0,0,1
2024-06-17 07:00:00,19.6,0,0,6,17,7,0,0,1
2024-06-17 08:00:00,21.3,0,0,6,17,8,0,0,1
2024-06-17 09:00:00,23.5,39,1,6,17,9,0,0,0
2024-06-17 10:00:00,25.5,22,1,6,17,10,0,0,0
2024-06-17 11:00:00,27.5,7,0,6,17,11,0,0,1
2024-06-17 12:00:00,29.5,8,0,6,17,12,0,0,1
2024-06-17 13:00:00,31.2,7,0,6,17,13,0,0,1
2024-06-17 14:00:00,32.2,5,0,6,17,14,0,0,1
2024-06-17 15:00:00,33.2,7,0,6,17,15,0,0,1
2024-06-17 16:00:00,33.5,11,0,6,17,16,0,0,1
2024-06-17 17:00:00,33.4,33,1,6,17,17,0,0,0
2024-06-17 18:00:00,31.5,59,51,6,17,18,0,0,0
2024-06-17 19:00:00,30.3,22,1,6,17,19,0,0,0
2024-06-17 20:00:00,28.9,13,0,6,17,20,0,0,1
2024-06-17 21:00:00,27.0,97,3,6,17,21,0,0,0
2024-06-17 22:00:00,25.9,95,3,6,17,22,0,0,0
2024-06-17 23:00:00,25.2,98,3,6,17,23,0,0,0
2024-06-18 00:00:00,24.3,16,0,6,18,0,1,0,1
2024-06-18 01:00:00,23.7,35,1,6,18,1,1,0,0
2024-06-18 02:00:00,23.2,59,2,6,18,2,1,0,0
2024-06-18 03:00:00,22.6,1,0,6,18,3,1,0,1
2024-06-18 04:00:00,22.0,96,3,6,18,4,1,0,0
2024-06-18 05:00:00,21.5,99,3,6,18,5,1,0,0
2024-06-18 06:00:00,21.1,99,3,6,18,6,1,0,0
2024-06-18 07:00:00,21.9,97,3,6,18,7,1,0,0
2024-06-18 08:00:00,23.4,96,3,6,18,8,1,0,0
2024-06-18 09:00:00,25.2,12,0,6,18,9,1,0,1
2024-06-18 10:00:00,27.4,2,0,6,18,10,1,0,1
2024-06-18 11:00:00,29.4,7,0,6,18,11,1,0,1
2024-06-18 12:00:00,31.1,11,0,6,18,12,1,0,1
2024-06-18 13:00:00,32.5,16,0,6,18,13,1,0,1
2024-06-18 14:00:00,33.1,4,0,6,18,14,1,0,1
2024-06-18 15:00:00,34.0,3,0,6,18,15,1,0,1
2024-06-18 16:00:00,33.9,3,0,6,18,16,1,0,1
2024-06-18 17:00:00,33.6,6,0,6,18,17,1,0,1
2024-06-18 18:00:00,32.8,5,0,6,18,18,1,0,1
2024-06-18 19:00:00,31.8,4,0,6,18,19,1,0,1
2024-06-18 20:00:00,29.2,4,0,6,18,20,1,0,1
2024-06-18 21:00:00,26.8,100,3,6,18,21,1,0,0
2024-06-18 22:00:00,25.6,97,3,6,18,22,1,0,0
2024-06-18 23:00:00,24.6,99,3,6,18,23,1,0,0
2024-06-19 00:00:00,23.6,63,2,6,19,0,2,0,0
2024-06-19 01:00:00,22.7,31,1,6,19,1,2,0,0
2024-06-19 02:00:00,21.8,17,0,6,19,2,2,0,1
2024-06-19 03:00:00,21.0,10,0,6,19,3,2,0,1
2024-06-19 04:00:00,20.4,89,3,6,19,4,2,0,0
2024-06-19 05:00:00,19.8,78,2,6,19,5,2,0,0
2024-06-19 06:00:00,19.4,100,3,6,19,6,2,0,0
2024-06-19 07:00:00,20.4,77,2,6,19,7,2,0,0
2024-06-19 08:00:00,22.2,35,1,6,19,8,2,0,0
2024-06-19 09:00:00,24.5,11,0,6,19,9,2,0,1
2024-06-19 10:00:00,26.6,82,3,6,19,10,2,0,0
2024-06-19 11:00:00,28.5,97,3,6,19,11,2,0,0
2024-06-19 12:00:00,30.0,100,3,6,19,12,2,0,0
2024-06-19 13:00:00,31.1,100,3,6,19,13,2,0,0
2024-06-19 14:00:00,32.0,93,3,6,19,14,2,0,0
2024-06-19 15:00:00,32.5,81,3,6,19,15,2,0,0
2024-06-19 16:00:00,32.8,45,1,6,19,16,2,0,0
2024-06-19 17:00:00,32.7,13,0,6,19,17,2,0,1
2024-06-19 18:00:00,32.0,28,1,6,19,18,2,0,0
2024-06-19 19:00:00,30.6,100,3,6,19,19,2,0,0
2024-06-19 20:00:00,27.9,100,3,6,19,20,2,0,0
2024-06-19 21:00:00,25.2,100,3,6,19,21,2,0,0
2024-06-19 22:00:00,24.1,100,3,6,19,22,2,0,0
2024-06-19 23:00:00,23.2,100,3,6,19,23,2,0,0
2024-06-20 00:00:00,22.5,100,3,6,20,0,3,0,0
2024-06-20 01:00:00,21.8,100,3,6,20,1,3,0,0
2024-06-20 02:00:00,21.0,100,3,6,20,2,3,0,0
2024-06-20 03:00:00,20.4,99,3,6,20,3,3,0,0
2024-06-20 04:00:00,19.9,90,3,6,20,4,3,0,0
2024-06-20 05:00:00,19.2,84,3,6,20,5,3,0,0
2024-06-20 06:00:00,19.0,97,3,6,20,6,3,0,0
2024-06-20 07:00:00,20.0,100,3,6,20,7,3,0,0
2024-06-20 08:00:00,22.0,94,3,6,20,8,3,0,0
2024-06-20 09:00:00,24.5,99,3,6,20,9,3,0,0
2024-06-20 10:00:00,26.6,94,3,6,20,10,3,0,0
2024-06-20 11:00:00,28.5,100,3,6,20,11,3,0,0
2024-06-20 12:00:00,29.7,100,3,6,20,12,3,0,0
2024-06-20 13:00:00,30.6,100,3,6,20,13,3,0,0
2024-06-20 14:00:00,31.8,91,3,6,20,14,3,0,0
2024-06-20 15:00:00,32.5,86,3,6,20,15,3,0,0
2024-06-20 16:00:00,32.8,99,3,6,20,16,3,0,0
2024-06-20 17:00:00,32.6,98,3,6,20,17,3,0,0
2024-06-20 18:00:00,32.2,67,2,6,20,18,3,0,0
2024-06-20 19:00:00,31.1,15,0,6,20,19,3,0,1
2024-06-20 20:00:00,28.8,0,0,6,20,20,3,0,1
2024-06-20 21:00:00,26.2,0,0,6,20,21,3,0,1
2024-06-20 22:00:00,25.0,0,0,6,20,22,3,0,1
2024-06-20 23:00:00,23.9,2,0,6,20,23,3,0,1
2024-06-21 00:00:00,23.0,0,0,6,21,0,4,0,1
2024-06-21 01:00:00,22.2,0,0,6,21,1,4,0,1
2024-06-21 02:00:00,21.6,0,0,6,21,2,4,0,1
2024-06-21 03:00:00,21.1,2,0,6,21,3,4,0,1
2024-06-21 04:00:00,20.7,91,3,6,21,4,4,0,0
2024-06-21 05:00:00,20.2,0,0,6,21,5,4,0,1
2024-06-21 06:00:00,19.8,0,0,6,21,6,4,0,1
2024-06-21 07:00:00,20.8,0,0,6,21,7,4,0,1
2024-06-21 08:00:00,23.0,0,0,6,21,8,4,0,1
2024-06-21 09:00:00,25.8,10,0,6,21,9,4,0,1
2024-06-21 10:00:00,28.5,16,0,6,21,10,4,0,1
2024-06-21 11:00:00,30.6,0,0,6,21,11,4,0,1
2024-06-21 12:00:00,32.2,0,0,6,21,12,4,0,1
2024-06-21 13:00:00,33.3,0,0,6,21,13,4,0,1
2024-06-21 14:00:00,34.3,2,0,6,21,14,4,0,1
2024-06-21 15:00:00,35.0,2,0,6,21,15,4,0,1
2024-06-21 16:00:00,35.4,0,0,6,21,16,4,0,1
2024-06-21 17:00:00,35.6,1,0,6,21,17,4,0,1
2024-06-21 18:00:00,35.2,5,0,6,21,18,4,0,1
2024-06-21 19:00:00,34.0,8,0,6,21,19,4,0,1
2024-06-21 20:00:00,31.5,12,0,6,21,20,4,0,1
2024-06-21 21:00:00,28.8,7,0,6,21,21,4,0,1
2024-06-21 22:00:00,27.6,4,0,6,21,22,4,0,1
2024-06-21 23:00:00,26.6,2,0,6,21,23,4,0,1
2024-06-22 00:00:00,25.8,2,0,6,22,0,5,1,1
2024-06-22 01:00:00,25.2,8,0,6,22,1,5,1,1
2024-06-22 02:00:00,24.9,0,0,6,22,2,5,1,1
2024-06-22 03:00:00,24.0,0,0,6,22,3,5,1,1
2024-06-22 04:00:00,23.1,0,0,6,22,4,5,1,1
2024-06-22 05:00:00,22.5,0,0,6,22,5,5,1,1
2024-06-22 06:00:00,22.0,0,0,6,22,6,5,1,1
2024-06-22 07:00:00,22.9,0,0,6,22,7,5,1,1
2024-06-22 08:00:00,25.3,0,0,6,22,8,5,1,1
2024-06-22 09:00:00,28.9,23,1,6,22,9,5,1,0
2024-06-22 10:00:00,31.1,33,1,6,22,10,5,1,0
2024-06-22 11:00:00,33.0,17,0,6,22,11,5,1,1
2024-06-22 12:00:00,34.8,10,0,6,22,12,5,1,1
2024-06-22 13:00:00,36.0,9,0,6,22,13,5,1,1
2024-06-22 14:00:00,36.8,10,0,6,22,14,5,1,1
2024-06-22 15:00:00,37.2,16,0,6,22,15,5,1,1
2024-06-22 16:00:00,37.2,6,0,6,22,16,5,1,1
2024-06-22 17:00:00,37.0,43,1,6,22,17,5,1,0
2024-06-22 18:00:00,36.4,37,1,6,22,18,5,1,0
2024-06-22 19:00:00,34.4,28,1,6,22,19,5,1,0
2024-06-22 20:00:00,31.6,12,0,6,22,20,5,1,1
2024-06-22 21:00:00,30.4,58,2,6,22,21,5,1,0
2024-06-22 22:00:00,29.5,50,2,6,22,22,5,1,0
2024-06-22 23:00:00,28.2,99,3,6,22,23,5,1,0
2024-06-23 00:00:00,27.6,100,3,6,23,0,6,1,0
2024-06-23 01:00:00,27.2,80,3,6,23,1,6,1,0
2024-06-23 02:00:00,26.6,4,0,6,23,2,6,1,1
2024-06-23 03:00:00,25.9,96,3,6,23,3,6,1,0
2024-06-23 04:00:00,25.1,98,3,6,23,4,6,1,0
2024-06-23 05:00:00,24.3,98,3,6,23,5,6,1,0
2024-06-23 06:00:00,23.9,100,3,6,23,6,6,1,0
2024-06-23 07:00:00,24.5,100,3,6,23,7,6,1,0
2024-06-23 08:00:00,26.0,92,3,6,23,8,6,1,0
2024-06-23 09:00:00,28.5,100,3,6,23,9,6,1,0
2024-06-23 10:00:00,31.2,59,2,6,23,10,6,1,0
2024-06-23 11:00:00,33.7,96,3,6,23,11,6,1,0
2024-06-23 12:00:00,34.2,100,3,6,23,12,6,1,0
2024-06-23 13:00:00,34.0,100,3,6,23,13,6,1,0
2024-06-23 14:00:00,34.0,100,3,6,23,14,6,1,0
2024-06-23 15:00:00,36.0,100,3,6,23,15,6,1,0
2024-06-23 16:00:00,35.4,100,3,6,23,16,6,1,0
2024-06-23 17:00:00,33.7,100,3,6,23,17,6,1,0
2024-06-23 18:00:00,30.4,100,3,6,23,18,6,1,0
2024-06-23 19:00:00,31.0,98,3,6,23,19,6,1,0
2024-06-23 20:00:00,30.0,95,3,6,23,20,6,1,0
2024-06-23 21:00:00,27.7,91,3,6,23,21,6,1,0
2024-06-23 22:00:00,27.5,20,1,6,23,22,6,1,0
2024-06-23 23:00:00,28.1,24,1,6,23,23,6,1,0
2024-06-24 00:00:00,27.4,85,3,6,24,0,0,0,0
2024-06-24 01:00:00,27.1,39,1,6,24,1,0,0,0
2024-06-24 02:00:00,27.0,52,2,6,24,2,0,0,0
2024-06-24 03:00:00,26.0,73,2,6,24,3,0,0,0
2024-06-24 04:00:00,25.2,27,1,6,24,4,0,0,0
2024-06-24 05:00:00,24.5,27,1,6,24,5,0,0,0
2024-06-24 06:00:00,24.0,10,0,6,24,6,0,0,1
2024-06-24 07:00:00,24.2,5,0,6,24,7,0,0,1
2024-06-24 08:00:00,24.9,5,0,6,24,8,0,0,1
2024-06-24 09:00:00,26.0,0,0,6,24,9,0,0,1
2024-06-24 10:00:00,26.9,1,0,6,24,10,0,0,1
2024-06-24 11:00:00,28.0,1,0,6,24,11,0,0,1
2024-06-24 12:00:00,28.9,0,0,6,24,12,0,0,1
2024-06-24 13:00:00,29.6,3,0,6,24,13,0,0,1
2024-06-24 14:00:00,29.4,28,1,6,24,14,0,0,0
2024-06-24 15:00:00,29.9,17,0,6,24,15,0,0,1
2024-06-24 16:00:00,30.2,7,0,6,24,16,0,0,1
2024-06-24 17:00:00,30.9,24,1,6,24,17,0,0,0
2024-06-24 18:00:00,30.2,25,1,6,24,18,0,0,0
2024-06-24 19:00:00,29.0,0,0,6,24,19,0,0,1
2024-06-24 20:00:00,27.1,0,0,6,24,20,0,0,1
2024-06-24 21:00:00,23.8,0,0,6,24,21,0,0,1
2024-06-24 22:00:00,23.0,0,0,6,24,22,0,0,1
2024-06-24 23:00:00,22.6,0,0,6,24,23,0,0,1
2024-06-25 00:00:00,22.3,0,0,6,25,0,1,0,1
2024-06-25 01:00:00,21.5,0,0,6,25,1,1,0,1
2024-06-25 02:00:00,20.6,0,0,6,25,2,1,0,1
2024-06-25 03:00:00,19.7,0,0,6,25,3,1,0,1
2024-06-25 04:00:00,19.0,0,0,6,25,4,1,0,1
2024-06-25 05:00:00,18.2,5,0,6,25,5,1,0,1
2024-06-25 06:00:00,17.9,40,1,6,25,6,1,0,0
2024-06-25 07:00:00,18.9,2,0,6,25,7,1,0,1
2024-06-25 08:00:00,21.9,97,3,6,25,8,1,0,0
2024-06-25 09:00:00,25.3,55,2,6,25,9,1,0,0
2024-06-25 10:00:00,27.6,80,3,6,25,10,1,0,0
2024-06-25 11:00:00,29.0,86,3,6,25,11,1,0,0
2024-06-25 12:00:00,30.1,59,2,6,25,12,1,0,0
2024-06-25 13:00:00,31.1,87,3,6,25,13,1,0,0
2024-06-25 14:00:00,31.8,16,0,6,25,14,1,0,1
2024-06-25 15:00:00,32.3,42,1,6,25,15,1,0,0
2024-06-25 16:00:00,32.9,87,3,6,25,16,1,0,0
2024-06-25 17:00:00,33.5,66,2,6,25,17,1,0,0
2024-06-25 18:00:00,33.5,90,3,6,25,18,1,0,0
2024-06-25 19:00:00,32.0,0,0,6,25,19,1,0,1
2024-06-25 20:00:00,29.8,0,0,6,25,20,1,0,1
2024-06-25 21:00:00,27.5,76,2,6,25,21,1,0,0
2024-06-25 22:00:00,26.7,98,3,6,25,22,1,0,0
2024-06-25 23:00:00,25.8,98,3,6,25,23,1,0,0
2024-06-26 00:00:00,25.0,100,3,6,26,0,2,0,0
2024-06-26 01:00:00,24.3,35,1,6,26,1,2,0,0
2024-06-26 02:00:00,23.6,80,3,6,26,2,2,0,0
2024-06-26 03:00:00,23.0,100,3,6,26,3,2,0,0
2024-06-26 04:00:00,22.6,93,3,6,26,4,2,0,0
2024-06-26 05:00:00,22.1,100,3,6,26,5,2,0,0
2024-06-26 06:00:00,21.6,98,3,6,26,6,2,0,0
2024-06-26 07:00:00,22.5,98,3,6,26,7,2,0,0
2024-06-26 08:00:00,24.5,100,3,6,26,8,2,0,0
2024-06-26 09:00:00,27.5,97,3,6,26,9,2,0,0
2024-06-26 10:00:00,30.5,100,3,6,26,10,2,0,0
2024-06-26 11:00:00,32.2,94,3,6,26,11,2,0,0
2024-06-26 12:00:00,34.0,30,1,6,26,12,2,0,0
2024-06-26 13:00:00,35.2,100,3,6,26,13,2,0,0
2024-06-26 14:00:00,36.2,97,3,6,26,14,2,0,0
2024-06-26 15:00:00,36.3,96,3,6,26,15,2,0,0
2024-06-26 16:00:00,32.1,96,3,6,26,16,2,0,0
2024-06-26 17:00:00,32.8,88,3,6,26,17,2,0,0
2024-06-26 18:00:00,32.7,100,3,6,26,18,2,0,0
2024-06-26 19:00:00,31.6,99,3,6,26,19,2,0,0
2024-06-26 20:00:00,30.0,100,3,6,26,20,2,0,0
2024-06-26 21:00:00,24.8,100,55,6,26,21,2,0,0
2024-06-26 22:00:00,22.5,100,61,6,26,22,2,0,0
2024-06-26 23:00:00,21.8,100,63,6,26,23,2,0,0
2024-06-27 00:00:00,22.0,100,63,6,27,0,3,0,0
2024-06-27 01:00:00,21.9,100,61,6,27,1,3,0,0
2024-06-27 02:00:00,21.8,100,53,6,27,2,3,0,0
2024-06-27 03:00:00,21.7,100,53,6,27,3,3,0,0
2024-06-27 04:00:00,22.0,100,51,6,27,4,3,0,0
2024-06-27 05:00:00,21.7,100,3,6,27,5,3,0,0
2024-06-27 06:00:00,21.4,100,3,6,27,6,3,0,0
2024-06-27 07:00:00,21.4,93,3,6,27,7,3,0,0
2024-06-27 08:00:00,22.2,98,3,6,27,8,3,0,0
2024-06-27 09:00:00,22.0,100,3,6,27,9,3,0,0
2024-06-27 10:00:00,23.6,60,2,6,27,10,3,0,0
2024-06-27 11:00:00,25.8,0,0,6,27,11,3,0,1
2024-06-27 12:00:00,27.8,0,0,6,27,12,3,0,1
2024-06-27 13:00:00,29.4,19,0,6,27,13,3,0,1
2024-06-27 14:00:00,30.2,32,1,6,27,14,3,0,0
2024-06-27 15:00:00,30.8,84,3,6,27,15,3,0,0
2024-06-27 16:00:00,30.5,29,1,6,27,16,3,0,0
2024-06-27 17:00:00,30.8,44,1,6,27,17,3,0,0
2024-06-27 18:00:00,31.0,60,2,6,27,18,3,0,0
2024-06-27 19:00:00,29.4,23,1,6,27,19,3,0,0
2024-06-27 20:00:00,27.5,24,1,6,27,20,3,0,0
2024-06-27 21:00:00,24.8,5,0,6,27,21,3,0,1
2024-06-27 22:00:00,23.6,2,0,6,27,22,3,0,1
2024-06-27 23:00:00,22.9,3,0,6,27,23,3,0,1
2024-06-28 00:00:00,22.5,0,0,6,28,0,4,0,1
2024-06-28 01:00:00,21.3,0,0,6,28,1,4,0,1
2024-06-28 02:00:00,20.3,10,0,6,28,2,4,0,1
2024-06-28 03:00:00,19.8,45,1,6,28,3,4,0,0
2024-06-28 04:00:00,19.2,100,3,6,28,4,4,0,0
2024-06-28 05:00:00,18.9,40,1,6,28,5,4,0,0
2024-06-28 06:00:00,18.4,31,1,6,28,6,4,0,0
2024-06-28 07:00:00,18.9,12,0,6,28,7,4,0,1
2024-06-28 08:00:00,20.3,5,0,6,28,8,4,0,1
2024-06-28 09:00:00,21.6,89,3,6,28,9,4,0,0
2024-06-28 10:00:00,22.2,56,2,6,28,10,4,0,0
2024-06-28 11:00:00,23.8,75,2,6,28,11,4,0,0
2024-06-28 12:00:00,24.9,43,1,6,28,12,4,0,0
2024-06-28 13:00:00,26.4,72,2,6,28,13,4,0,0
2024-06-28 14:00:00,27.5,93,3,6,28,14,4,0,0
2024-06-28 15:00:00,28.4,3,0,6,28,15,4,0,1
2024-06-28 16:00:00,29.0,38,1,6,28,16,4,0,0
2024-06-28 17:00:00,29.3,89,3,6,28,17,4,0,0
2024-06-28 18:00:00,29.0,64,2,6,28,18,4,0,0
2024-06-28 19:00:00,28.0,91,3,6,28,19,4,0,0
2024-06-28 20:00:00,25.9,13,0,6,28,20,4,0,1
2024-06-28 21:00:00,23.5,90,3,6,28,21,4,0,0
2024-06-28 22:00:00,22.5,8,0,6,28,22,4,0,1
2024-06-28 23:00:00,21.9,0,0,6,28,23,4,0,1
2024-06-29 00:00:00,21.4,78,2,6,29,0,5,1,0
2024-06-29 01:00:00,20.9,90,3,6,29,1,5,1,0
2024-06-29 02:00:00,20.5,99,3,6,29,2,5,1,0
2024-06-29 03:00:00,20.3,100,3,6,29,3,5,1,0
2024-06-29 04:00:00,20.2,99,3,6,29,4,5,1,0
2024-06-29 05:00:00,20.0,95,3,6,29,5,5,1,0
2024-06-29 06:00:00,20.0,100,3,6,29,6,5,1,0
2024-06-29 07:00:00,21.5,100,3,6,29,7,5,1,0
2024-06-29 08:00:00,22.4,100,3,6,29,8,5,1,0
2024-06-29 09:00:00,23.5,87,3,6,29,9,5,1,0
2024-06-29 10:00:00,25.8,99,51,6,29,10,5,1,0
2024-06-29 11:00:00,26.8,100,3,6,29,11,5,1,0
2024-06-29 12:00:00,29.1,100,3,6,29,12,5,1,0
2024-06-29 13:00:00,30.0,100,3,6,29,13,5,1,0
2024-06-29 14:00:00,31.9,74,2,6,29,14,5,1,0
2024-06-29 15:00:00,33.2,40,1,6,29,15,5,1,0
2024-06-29 16:00:00,34.0,33,1,6,29,16,5,1,0
2024-06-29 17:00:00,33.9,74,2,6,29,17,5,1,0
2024-06-29 18:00:00,33.7,43,1,6,29,18,5,1,0
2024-06-29 19:00:00,32.5,56,2,6,29,19,5,1,0
2024-06-29 20:00:00,30.5,43,1,6,29,20,5,1,0
2024-06-29 21:00:00,28.7,98,3,6,29,21,5,1,0
2024-06-29 22:00:00,27.4,65,51,6,29,22,5,1,0
2024-06-29 23:00:00,26.6,86,53,6,29,23,5,1,0
2024-06-30 00:00:00,25.9,22,51,6,30,0,6,1,0
2024-06-30 01:00:00,25.6,96,3,6,30,1,6,1,0
2024-06-30 02:00:00,25.4,93,3,6,30,2,6,1,0
2024-06-30 03:00:00,25.1,94,3,6,30,3,6,1,0
2024-06-30 04:00:00,25.1,100,3,6,30,4,6,1,0
2024-06-30 05:00:00,24.8,100,3,6,30,5,6,1,0
2024-06-30 06:00:00,24.4,100,3,6,30,6,6,1,0
2024-06-30 07:00:00,24.7,100,3,6,30,7,6,1,0
2024-06-30 08:00:00,26.0,100,3,6,30,8,6,1,0
2024-06-30 09:00:00,25.5,100,3,6,30,9,6,1,0
2024-06-30 10:00:00,28.0,90,3,6,30,10,6,1,0
2024-06-30 11:00:00,30.5,97,3,6,30,11,6,1,0
2024-06-30 12:00:00,32.0,100,3,6,30,12,6,1,0
2024-06-30 13:00:00,32.9,27,1,6,30,13,6,1,0
2024-06-30 14:00:00,34.3,100,3,6,30,14,6,1,0
2024-06-30 15:00:00,30.4,84,61,6,30,15,6,1,0
2024-06-30 16:00:00,28.4,14,63,6,30,16,6,1,0
2024-06-30 17:00:00,30.8,8,0,6,30,17,6,1,1
2024-06-30 18:00:00,31.4,21,1,6,30,18,6,1,0
2024-06-30 19:00:00,29.4,20,51,6,30,19,6,1,0
2024-06-30 20:00:00,25.6,34,51,6,30,20,6,1,0
2024-06-30 21:00:00,27.4,30,1,6,30,21,6,1,0
2024-06-30 22:00:00,26.9,31,1,6,30,22,6,1,0
2024-06-30 23:00:00,25.0,20,1,6,30,23,6,1,0
